ID,STATION
0,AALST
1,AALST-KERREBROEK
2,AALST-OOST
3,AALTER
4,AARSCHOT
5,AARSELE
6,ACREN
7,AISEAU
8,ALKEN
9,AMAY
10,AMPSIN
11,ANDENNE
12,ANDENNE-MARCHANDISES
13,ANDENNE-SAS
14,ANDERLECHT
15,ANGLEUR
16,ANS
17,ANSEREMME
18,ANTOING
19,ANTWERPEN-BERCHEM
20,ANTWERPEN-CENTRAAL
21,ANTWERPEN-D.S.-ALASKA
22,ANTWERPEN-D.S.-ANGOLA
23,ANTWERPEN-D.S.-BASF
24,ANTWERPEN-D.S.-BERENDRECHT
25,ANTWERPEN-D.S.-COMBINANT
26,ANTWERPEN-D.S.-GROENLAND
27,ANTWERPEN-D.S.-IJSLAND
28,ANTWERPEN-D.S.-LILLO
29,ANTWERPEN-D.S.-OORDEREN
30,ANTWERPEN-D.S.-PETROL
31,ANTWERPEN-D.S.-WILMARSDONK
32,ANTWERPEN-DAM
33,ANTWERPEN-DS-NOORDZEETERMINAL
34,ANTWERPEN-HAVEN
35,ANTWERPEN-KIEL
36,ANTWERPEN-LUCHTBAL
37,ANTWERPEN-NOORD-BLOK M9-N9
38,ANTWERPEN-NOORD-BUNDEL A1
39,ANTWERPEN-NOORD-BUNDEL A2
40,ANTWERPEN-NOORD-BUNDEL B1
41,ANTWERPEN-NOORD-BUNDEL B2
42,ANTWERPEN-NOORD-BUNDEL B3
43,ANTWERPEN-NOORD-BUNDEL BVRD
44,ANTWERPEN-NOORD-BUNDEL C1
45,ANTWERPEN-NOORD-BUNDEL C2
46,ANTWERPEN-NOORD-BUNDEL D
47,ANTWERPEN-NOORD-BUNDEL N
48,ANTWERPEN-NOORD-C.H.W.
49,ANTWERPEN-NOORD-PERRON CHW
50,ANTWERPEN-NOORD-PERRON MAINHUB
51,ANTWERPEN-NOORD-PERRON T.C.T.
52,ANTWERPEN-NOORD-T.W.
53,ANTWERPEN-NOORDERDOKKEN
54,ANTWERPEN-OOST
55,ANTWERPEN-SCHIJNPOORT-BUNDEL Q
56,ANTWERPEN-SCHIJNPOORT-CARWASH
57,ANTWERPEN-W.H.-B.KALISHOEK
58,ANTWERPEN-W.H.-B.KALLO
59,ANTWERPEN-W.H.-B.KROMMENHOEK
60,ANTWERPEN-W.H.-B.LIEFKENSHOEK
61,ANTWERPEN-W.H.-B.ZUID
62,ANTWERPEN-ZUID
63,ANZEGEM
64,APPELTERRE
65,ARCADEN
66,ARCHENNES
67,ARLON
68,ARLON-P.E.D.
69,ASSE
70,ASSESSE
71,ATH
72,ATHUS
73,ATHUS-FAISCEAU A
74,AUBANGE
75,AUVELAIS
76,AYE
77,AYWAILLE
78,BAASRODE-ZUID
79,BALEGEM-DORP
80,BALEGEM-ZUID
81,BALEN
82,BALEN-WERKPLAATSEN
83,BAMBRUGGE
84,BARVAUX
85,BAS-OHA
86,BASSE-WAVRE
87,BASSENGE
88,BAULERS
89,BEAURAING
90,BEERNEM
91,BEERSEL
92,BEERVELDE
93,BEGIJNENDIJK
94,BEIGNEE
95,BELLEM
96,BELSELE
97,BERINGEN
98,BERINGEN-MIJN
99,BERLAAR
100,BERTRIX
101,BERZEE
102,BEUZET
103,BEVEREN(WAAS)
104,BEVERLO
105,BIERGES-WALIBI
106,BIERSET-AWANS
107,BILZEN
108,BILZEN-WIJKSPOOR
109,BINCHE
110,BISSEGEM
111,BLANKENBERGE
112,BLANMONT
113,BLATON
114,BLERET
115,BOCKSTAEL
116,BOECHOUT
117,BOIS D'AUSSE
118,BOKRIJK
119,BOMAL
120,BOOISCHOT
121,BOOM
122,BOONDAAL
123,BOORTMEERBEEK
124,BORDET
125,BORNEM
126,BOSVOORDE
127,BOUSSU
128,BOUWEL
129,BRACQUEGNIES
130,BRAINE-ALLIANCE
131,BRAINE-ALLIANCE-CDS824
132,BRAINE-L'ALLEUD
133,BRAINE-LE-COMTE
134,BRESSOUX
135,BRUGELETTE
136,BRUGGE
137,BRUGGE-BUNDEL A
138,BRUGGE-BUNDEL B
139,BRUGGE-BUNDELS U/V
140,BRUGGE-DIJK
141,BRUGGE-SINT-PIETERS
142,BRUSSEL-CENTRAAL
143,BRUSSEL-CONGRES
144,BRUSSEL-KAPELLEKERK
145,BRUSSEL-KLEIN-EILAND-BUNDEL F
146,BRUSSEL-KLEIN-EILAND-CARWASH
147,BRUSSEL-LUXEMBURG
148,BRUSSEL-NATIONAAL-LUCHTHAVEN
149,BRUSSEL-NOORD
150,BRUSSEL-SCHUMAN
151,BRUSSEL-WEST
152,BRUSSEL-ZUID
153,BRUSSEL-ZUID-T.W.-HST
154,BRUSSELS AIRPORT - ZAVENTEM
155,BUDA
156,BUGGENHOUT
157,BUIZINGEN
158,BURST
159,CALLENELLE
160,CAMBRON-CASTEAU
161,CARLSBOURG
162,CARNIERES
163,CEROUX-MOUSTY
164,CHAPELLE-DIEU
165,CHAPOIS
166,CHARLEROI-A.T.
167,CHARLEROI-CENTRAL
168,CHARLEROI-FAISCEAU A
169,CHARLEROI-OUEST
170,CHARLEROI-SUD
171,CHASTRE
172,CHATEAU-DE-SEILLES
173,CHATELET
174,CHATELET-CARWASH
175,CHATELET-FAISCEAU C
176,CHATELET-FORMATION
177,CHATELET-GASOIL
178,CHAUDFONTAINE
179,CHENEE
180,CINEY
181,CLABECQ
182,CLABECQ-MARCHANDISES
183,COMBLAIN-LA-TOUR
184,COO
185,COUILLET
186,COUR-SUR-HEURE
187,COURCELLES-MOTTE
188,COURRIERE
189,COURT-SAINT-ETIENNE
190,COUVIN
191,CUESMES-A.C.
192,DAVE-SAINT-MARTIN
193,DE HOEK
194,DE PANNE
195,DE PINTE
196,DEINZE
197,DEINZE-WIJKSPOREN
198,DELTA
199,DENDERLEEUW
200,DENDERMONDE
201,DIEGEM
202,DIEPENBEEK
203,DIESDELLE
204,DIEST
205,DIKSMUIDE
206,DILBEEK
207,DINANT
208,DOLHAIN-GILEPPE
209,DRONGEN
210,DUFFEL
211,DUINBERGEN
212,ECAUSSINNES
213,EDE
214,EDINGEN
215,EEKLO
216,EICHEM
217,EIJSDEN
218,EINE
219,EKE-NAZARETH
220,EKEREN
221,EKEREN-BRUG
222,ENGIS
223,EPPEGEM
224,ERBISOEUL
225,EREMBODEGEM
226,ERNAGE
227,ERPE-MERE
228,ERPS-KWERPS
229,ERQUELINNES
230,ERQUELINNES-VILLAGE
231,ESNEUX
232,ESSEN
233,ESSENE-LOMBEEK
234,ETTERBEEK
235,EUPEN
236,EVERE
237,EVERGEM
238,EVERGEM-BUNDEL ZANDEKEN
239,EZEMAAL
240,FAMILLEUREUX
241,FARCIENNES
242,FAUX
243,FELUY-ZONING
244,FEXHE-LE-HAUT-CLOCHER
245,FLAWINNE
246,FLEMALLE-ANNEXE
247,FLEMALLE-GRANDE
248,FLEMALLE-HAUTE
249,FLEURUS
250,FLOREE
251,FLOREFFE
252,FLORENVILLE
253,FLORIVAL
254,FONTAINE-VALMONT
255,FORCHIES
256,FORRIERES
257,FRAIPONT
258,FRAMERIES
259,FRANCHIMONT
260,FRANIERE
261,FRANIERE-GARAGE
262,FROYENNES
263,GALMAARDEN
264,GASTUCHE
265,GAVERE-ASPER
266,GEDINNE
267,GEDINNE-MARCHANDISES
268,GEEL
269,GEMBLOUX
270,GENDRON-CELLES
271,GENK
272,GENK-GOEDEREN
273,GENK-ZUID-R.O.-HAVEN
274,GENLY
275,GENT-DAMPOORT
276,GENT-RODENHUIZE
277,GENT-SINT-PIETERS
278,GENT-SINT-PIETERS-BUNDEL B
279,GENT-SINT-PIETERS-BUNDEL C
280,GENT-SINT-PIETERS-BUNDELS
281,GENT-SINT-PIETERS-BUNDELS L/M
282,GENT-ZEEHAVEN
283,GENT-ZEEHAVEN-GROOT DOK
284,GENT-ZEEHAVEN-SIFFERDOK
285,GENT-ZEEHAVEN-SIFFERDOK R.O.
286,GENTBRUGGE
287,GENTBRUGGE-PERRON C.W.
288,GENVAL
289,GERAARDSBERGEN
290,GHLIN
291,GLONS
292,GODARVILLE
293,GODINNE
294,GONTRODE
295,GOUVY
296,GOUY-LEZ-PIETON
297,GRAIDE
298,GROENENDAAL
299,GROENENHOEK-WIJKBUNDEL
300,GROOT-BIJGAARDEN
301,GRUPONT
302,HAACHT
303,HAACHT-WIJKSPOOR
304,HAALTERT
305,HABAY
306,HAININ
307,HALANZY
308,HALLE
309,HALLE-GOEDEREN
310,HAM-SUR-HEURE
311,HAM-SUR-SAMBRE
312,HAMBOS
313,HAMOIR
314,HAMONT
315,HANSBEKE
316,HARCHIES
317,HARELBEKE
318,HAREN
319,HAREN-ZUID
320,HASSELT
321,HASSELT-AFLOS L.35
322,HASSELT-AFLOS L.35/1
323,HASSELT-AFWISSELING
324,HASSELT-BUNDEL E
325,HASSELT-L.C.I.
326,HASSELT-T.W.
327,HATRIVAL
328,HAUTE-FLONE
329,HAVERSIN
330,HAVERSIN-GARAGE
331,HAVINNES
332,HAVRE
333,HEIDE
334,HEIST
335,HEIST-OP-DEN-BERG
336,HEIZIJDE
337,HEMIKSEM
338,HENNUYERES
339,HENNUYERES-GARAGE
340,HERENT
341,HERENTALS
342,HERGENRATH
343,HERMALLE-SOUS-HUY
344,HERNE
345,HERSEAUX
346,HERSTAL
347,HERZELE
348,HEUSDEN
349,HEVER
350,HEVERLEE
351,HILLEGEM
352,HOBOKEN-POLDER
353,HOEILAART
354,HOFSTADE
355,HOLLEKEN
356,HONY
357,HOURAING
358,HOURPES
359,HOUYET
360,HOVE
361,HUIZINGEN
362,HUY
363,IDDERGEM
364,IDEGEM
365,IEPER
366,IEPER-GOEDEREN
367,INGELMUNSTER
368,IZEGEM
369,IZEGEM-SAS
370,IZEGEM-WIJKSPOOR
371,JAMBES
372,JAMBES-EST
373,JAMIOULX
374,JAVA
375,JEMAPPES
376,JEMELLE
377,JEMEPPE-FROIDMONT
378,JEMEPPE-SUR-MEUSE
379,JEMEPPE-SUR-SAMBRE
380,JEMEPPE-SUR-SAMBRE-MARCHANDISE
381,JETTE
382,JURBISE
383,JUSLENVILLE
384,KALMTHOUT
385,KAPELLE-OP-DEN-BOS
386,KAPELLEN
387,KAPELLEN-WIJKSPOOR
388,KESSEL
389,KIEWIT
390,KIJKUIT
391,KINKEMPOIS-A.T.
392,KINKEMPOIS-A.T./D.E.
393,KINKEMPOIS-FORMATION
394,KINKEMPOIS-RECEPTION
395,KINKEMPOIS-RELAIS
396,KNOKKE
397,KOKSIJDE
398,KOMEN
399,KONTICH
400,KONTICH-LINT
401,KORTEMARK
402,KORTENBERG
403,KORTENBERG-GOEDEREN
404,KORTRIJK
405,KORTRIJK-GOEDEREN
406,KORTRIJK-T.O.P.
407,KUREGEM-DOODSPOOR
408,KWATRECHT
409,LA HULPE
410,LA LOUVIERE-CENTRE
411,LA LOUVIERE-GARE INDUSTRIELLE
412,LA LOUVIERE-SUD
413,LA ROCHE(BRABANT)
414,LABUISSIERE
415,LANDEGEM
416,LANDELIES
417,LANDEN
418,LANDSKOUTER
419,LANGDORP
420,LAUWE
421,LE CAMPINAIRE
422,LE COUCOU-BASE LGV
423,LEBBEKE
424,LEDE
425,LEIGNON
426,LEMAN
427,LEMBEEK
428,LENS
429,LEOPOLDSBURG
430,LESSINES
431,LEUVEN
432,LEUVEN-BUNDEL F
433,LEUVEN-BUNDEL M
434,LEUVEN-BUNDEL P
435,LEUVEN-BUNDEL Q
436,LEUZE
437,LEVAL
438,LIBRAMONT
439,LICHTERVELDE
440,LIEDEKERKE
441,LIEGE-CARRE
442,LIEGE-GUILLEMINS
443,LIEGE-GUILLEMINS-FAISCEAU
444,LIEGE-JONFOSSE
445,LIEGE-PALAIS
446,LIEGE-SAINT-LAMBERT
447,LIER
448,LIERDE
449,LIERS
450,LIERS-FAISCEAU
451,LIGNY
452,LILLE-EUROPE
453,LILLOIS
454,LIMAL
455,LINKEBEEK
456,LISSEWEGE
457,LOBBES
458,LOBBES-GARAGE
459,LODELINSART
460,LOKEREN
461,LOKEREN-OOST
462,LOMMEL
463,LONDERZEEL
464,LONZEE
465,LOT
466,LOUVAIN-LA-NEUVE
467,LOUVAIN-LA-NEUVE-UNIVERSITE
468,LUCHTBAL-WIJKBUNDEL
469,LUSTIN
470,LUTTRE
471,LUXEMBOURG
472,MACHELEN
473,MAFFLE
474,MALDEREN
475,MANAGE
476,MARBEHAN
477,MARCHE-EN-FAMENNE
478,MARCHE-LES-DAMES
479,MARCHE-LES-DAMES-MARCHANDISES
480,MARCHE-LEZ-ECAUSSINNES
481,MARCHIENNE-AU-PONT
482,MARCHIENNE-ZONE
483,MARCINELLE
484,MARIA-AALTER
485,MARIEMBOURG
486,MARLOIE
487,MASNUY-SAINT-PIERRE
488,MAUBRAY
489,MAZY
490,MECHELEN
491,MECHELEN-C.W.
492,MECHELEN-NEKKERSPOEL
493,MEISER
494,MELKOUWEN
495,MELLE
496,MELLE-T.W.
497,MELREUX-HOTTON
498,MELSELE
499,MENEN
500,MERCHTEM
501,MERELBEKE
502,MERELBEKE-CENTRAAL
503,MERELBEKE-SAS T.W.
504,MERELBEKE-T.W.
505,MERODE
506,MERY
507,MESSANCY
508,MEVERGNIES-ATTRE
509,MILMORT
510,MOENSBERG
511,MOESKROEN
512,MOL
513,MOLLEM
514,MOMALLE
515,MONCEAU-CHARGEMENT GASOIL
516,MONCEAU-FORMATION
517,MONCEAU-RECEPTION
518,MONS
519,MONS-AVIATION
520,MONT-SAINT-GUIBERT
521,MONTZEN
522,MONTZEN-EST
523,MONTZEN-INSTALLATION GASOIL
524,MOORTSELE
525,MORLANWELZ
526,MORTSEL
527,MORTSEL-DEURNESTEENWEG
528,MORTSEL-LIERSESTEENWEG
529,MORTSEL-OUDE GOD
530,MOUSTIER
531,MOUSTIER-GARAGE
532,MOUTERIJ
533,MUIZEN
534,MUIZEN-GOEDEREN
535,MUNKZWALM
536,NAMECHE
537,NAMUR
538,NAMUR-HERBATTE
539,NANINNE
540,NATOYE
541,NEERPELT
542,NEERWINDEN
543,NESSONVAUX
544,NEUFCHATEAU
545,NEUFVILLES
546,NEUFVILLES-GARAGE
547,NIEL
548,NIEUWKERKEN-WAAS
549,NIJLEN
550,NIMY
551,NINOVE
552,NINOVE-WIJKSPOOR
553,NIVELLES
554,NOORDERKEMPEN
555,NOSSEGEM
556,OBAIX-BUZET
557,OBOURG
558,OBOURG-MARCHANDISES
559,OKEGEM
560,OLEN
561,OLEN-SAS
562,OLNE
563,OOSTENDE
564,OOSTENDE-BUNDEL A
565,OOSTENDE-BUNDEL B
566,OOSTENDE-PERRON T.O.P.
567,OOSTENDE-T.W.
568,OOSTENDE-ZEEHAVEN
569,OOSTKAMP
570,OPWIJK
571,OTTIGNIES
572,OTTIGNIES-RELAIS
573,OUD-HEVERLEE
574,OUDEGEM
575,OUDENAARDE
576,OUGREE
577,OVERPELT
578,PALISEUL
579,PAPIGNIES
580,PECROT
581,PEPINSTER
582,PEPINSTER-CITE
583,PERUWELZ
584,PHILIPPEVILLE
585,PHILIPPEVILLE-642
586,PIETON
587,POIX-SAINT-HUBERT
588,PONT-A-CELLES
589,PONT-DE-SERAING
590,POPERINGE
591,POULSEUR
592,PROFONDSART
593,PRY
594,PUURS
595,QUAREGNON
596,QUEVY
597,QUIEVRAIN
598,REBAIX
599,REMICOURT
600,RHISNES
601,RHISNES-GARAGE
602,RHISNES-SAS
603,RIVAGE
604,RIVAGE-MARCHANDISES
605,RIXENSART
606,ROCHEFORT-JEMELLE
607,RODANGE
608,ROESELARE
609,RONET
610,RONET-FORMATION
611,RONET-P.E.
612,RONSE
613,ROTTERDAM CENTRAAL
614,ROUX
615,RUISBROEK
616,RUISBROEK-BUNDEL
617,RUISBROEK-SAUVEGARDE
618,SAINT-DENIS-BOVESSE
619,SAINT-GHISLAIN
620,SAINT-VINCENT-BELLEFONTAINE
621,SART-BERNARD
622,SCHAARBEEK
623,SCHAARBEEK-BUNDEL L
624,SCHAARBEEK-BUNDEL M
625,SCHAARBEEK-BUNDEL P
626,SCHAARBEEK-BUNDEL V
627,SCHAARBEEK-CARWASH
628,SCHAARBEEK-D.O.P.
629,SCHAARBEEK-DOODSPOOR 814
630,SCHAARBEEK-GROEP G
631,SCHAARBEEK-GROEP R
632,SCHAARBEEK-JOSAPHAT
633,SCHAARBEEK-L.C.I.
634,SCHAARBEEK-NOS
635,SCHAARBEEK-P.C.I.
636,SCHAARBEEK-PERRON P.C.I.
637,SCHAARBEEK-PERRON T.W./D.-NOS
638,SCHAARBEEK-PERRON T.W./D.-ZOS
639,SCHAARBEEK-PERRON VORMING
640,SCHAARBEEK-SAS K/C
641,SCHAARBEEK-SPOOR LZ
642,SCHAARBEEK-T.W./D.
643,SCHAARBEEK-T.W./E.
644,SCHAARBEEK-VORMING
645,SCHAARBEEK-WASINSTALLATIE
646,SCHELDEWINDEKE
647,SCHELLE
648,SCHELLEBELLE
649,SCHENDELBEKE
650,SCHOONAARDE
651,SCHULEN
652,SCHULEN-SAS
653,SCHULEN-WIJKSPOOR
654,SCLAIGNEAUX
655,SCLESSIN
656,SERAING
657,SERSKAMP
658,SILLY
659,SIMONIS
660,SINAAI
661,SINT-AGATHA-BERCHEM
662,SINT-DENIJS-BOEKEL
663,SINT-GENESIUS-RODE
664,SINT-GILLIS(DENDERMONDE)
665,SINT-JOB
666,SINT-JORIS-WEERT
667,SINT-KATELIJNE-WAVER
668,SINT-MARIABURG
669,SINT-MARTENS-BODEGEM
670,SINT-NIKLAAS
671,SINT-NIKLAAS-OOST
672,SINT-TRUIDEN
673,SLEIDINGE
674,SOIGNIES
675,SOLRE-SUR-SAMBRE
676,SPA
677,SPA-GERONSTERE
678,STABROEK-SPOREN 027/028
679,STATTE
680,STOCKEM
681,STOCKEM-A.T.
682,STOCKEM-FAISCEAU A
683,STOUMONT
684,SY
685,TAMINES
686,TEMSE
687,TERHAGEN
688,TERNAT
689,TERTRE
690,TESTELT
691,THEUX
692,THIEU
693,THUIN
694,THULIN
695,THURN EN TAXIS
696,TIELEN
697,TIELT
698,TIENEN
699,TILFF
700,TILLEUR
701,TILLY
702,TILLY-GARAGE
703,TOLLEMBEEK
704,TONGEREN
705,TORHOUT
706,TOURNAI
707,TROIS-PONTS
708,TROISVIERGES
709,TROOZ
710,TUBIZE
711,TURNHOUT
712,TURNHOUT-BUNDEL
713,UKKEL-KALEVOET
714,UKKEL-STALLE
715,VELTEM
716,VERTRIJK
717,VERTRIJK-WIJKSPOOR
718,VERVIERS-CENTRAL
719,VERVIERS-EST
720,VERVIERS-PALAIS
721,VEURNE
722,VIANE-MOERBEKE
723,VICHTE
724,VIELSALM
725,VIJFHUIZEN
726,VILLE-POMMEROEUL
727,VILLERS-LA-VILLE
728,VILVOORDE
729,VIRTON
730,VISE
731,VISE-HAUT
732,VIVILLE
733,VOROUX
734,VOROUX-BASE TRAVAUX LGV
735,VORST-BUNDEL M
736,VORST-CARWASH
737,VORST-OOST
738,VORST-RIJTUIGEN
739,VORST-RIJTUIGEN-DIENSTPERRON
740,VORST-RIJTUIGEN-PERRON TW-HST
741,VORST-ZUID
742,VORST-ZUID-SPOREN 920/926
743,WAARSCHOOT
744,WALCOURT
745,WAREGEM
746,WAREMME
747,WATERLOO
748,WATERMAAL
749,WAVRE
750,WEERDE
751,WELKENRAEDT
752,WELLE
753,WERVIK
754,WESPELAAR-TILDONK
755,WETTEREN
756,WEVELGEM
757,WEZEMAAL
758,WICHELEN
759,WIJGMAAL
760,WILDERT
761,WILLEBROEK
762,WOLFSTEE
763,WONDELGEM
764,WONDELGEM-BUNDEL
765,YVES-GOMEZEE
766,YVOIR
767,ZANDBERGEN
768,ZAVENTEM
769,ZEDELGEM
770,ZEDELGEM-GOEDEREN
771,ZEEBRUGGE-BUNDEL PELIKAAN
772,ZEEBRUGGE-BUNDEL RAMSKAPELLE
773,ZEEBRUGGE-BUNDEL ZWANKENDAMME
774,ZEEBRUGGE-DORP
775,ZEEBRUGGE-STRAND
776,ZEEBRUGGE-VOORHAVEN-WEST
777,ZEEBRUGGE-VORMING
778,ZELE
779,ZELLIK
780,ZELZATE
781,ZELZATE-RIEME
782,ZICHEM
783,ZINGEM
784,ZOLDER
785,ZOLDER-KRUISSPOREN
786,ZONHOVEN
787,ZOTTEGEM
788,ZWANKENDAMME
789,ZWIJNDRECHT
790,ZWIJNDRECHT-WIJKSPOREN
